{
  "n_samples_generated": 200000,
  "total_bad_samples": 489,
  "bad_percentage": 0.24450000000000002,
  "violation_details": {
    "mass_ratio_out_of_bounds": {
      "count": 139,
      "percentage": 0.06949999999999999
    },
    "lambda_1_negative": {
      "count": 56,
      "percentage": 0.027999999999999997
    },
    "lambda_2_negative": {
      "count": 44,
      "percentage": 0.022000000000000002
    },
    "lambda_ordering_violation": {
      "count": 430,
      "percentage": 0.215
    }
  }
}