{
    "chirp_mass": 1.4867900781724532,
    "mass_ratio": 0.9050172763783242,
    "luminosity_distance": 170.12293668851825,
    "a_1": 0.026740533729350032,
    "a_2": 0.026531453845731346,
    "tilt_1": 1.0778978878771508,
    "tilt_2": 1.1280732548151633,
    "phi_12": 3.1399614036707786,
    "phi_jl": 3.098408796747226,
    "dec": -0.13270250775319825,
    "ra": 1.4405869049377487,
    "theta_jn": 0.7142783555076156,
    "psi": 1.556484993441145,
    "phase": 2.9396355278156534,
    "geocent_time": 1240215503.017147,
    "mass_1": 1.7957063404539406,
    "mass_2": 1.6251452614129132,
    "mass_1_source": 1.7309992032614339,
    "mass_2_source": 1.5665841843487123,
    "lambda_1": 70.21265537755474,
    "lambda_2": 136.8879103326964,
    "lambda_tilde": 98.98418024073037,
    "delta_lambda_tilde": 8.36852937066909
}