{
  "chirp_mass": 2.0272715949909377,
  "mass_ratio": 0.37,
  "symmetric_mass_ratio": 0.19713357131440137,
  "a_1": 0.0,
  "a_2": 0.0,
  "tilt_1": 0.0,
  "tilt_2": 0.0,
  "phi_jl": 0.0,
  "phi_12": 0.0,
  "luminosity_distance": 201.0,
  "phase": 1.3576488959769972,
  "theta_jn": 2.323517520938953,
  "psi": 0.030083409062676092,
  "ra": 1.121307208346961,
  "dec": 0.22562961827621178,
  "geocent_time": 1369419318.7460938,
  "lambda_1": 0.0,
  "lambda_2": 0.0
}