{
  "chirp_mass": 2.0272715949909377,
  "symmetric_mass_ratio": 0.18323678321432968,
  "a_1": 0.4508931644609946,
  "a_2": 0.08115049891275589,
  "tilt_1": 1.630230158761154,
  "tilt_2": 2.161698474235927,
  "phi_jl": 1.1372821055865854,
  "phi_12": 5.721266423859926,
  "luminosity_distance": 252.27741246863096,
  "phase": 1.3576488959769972,
  "theta_jn": 2.323517520938953,
  "psi": 0.030083409062676092,
  "ra": 1.121307208346961,
  "dec": 0.22562961827621178,
  "geocent_time": 1369419318.7460938,
  "lambda_1": 0.0,
  "lambda_2": 0.0
}