{
    "chirp_mass": 1.197537639260543,
    "mass_ratio": 0.8641172053705731,
    "luminosity_distance": 38.07152942880151,
    "a_1": 0.021540277479414695,
    "a_2": 0.021072244772762056,
    "tilt_1": 1.4498899386568587,
    "tilt_2": 1.4453364947888132,
    "phi_12": 3.1792853888042205,
    "phi_jl": 3.003919422678343,
    "dec": -0.3586425106486367,
    "ra": 3.420702985286708,
    "theta_jn": 2.5637364933960782,
    "psi": 1.5623250252173946,
    "phase": 2.9695069368745304,
    "geocent_time": 1187008882.43,
    "mass_1": 1.4806084510880273,
    "mass_2": 1.279419237002239,
    "mass_1_source": 1.4680615723234944,
    "mass_2_source": 1.2685772631881074,
    "lambda_1": 0.0,
    "lambda_2": 666.2698438044127,
    "lambda_tilde": 261.29512720300534,
    "delta_lambda_tilde": 113.63261845666382
}