{
    "chirp_mass": 1.197537414221395,
    "mass_ratio": 0.7539134342532708,
    "luminosity_distance": 40.06331818,
    "a_1": 0.014645640037897235,
    "a_2": 0.03436451901593029,
    "tilt_1": 1.8617963025171964,
    "tilt_2": 0.61678631243525,
    "phi_12": 1.6284289170211248,
    "phi_jl": 1.815719563631963,
    "dec": -0.36431230709227214,
    "ra": 3.4139797194911568,
    "theta_jn": 1.9678276959591448,
    "psi": 1.620753912998424,
    "phase": 0.46071754699461526,
    "geocent_time": 1187008882.43
}