{
    "chirp_mass": 1.1975896,
    "symmetric_mass_ratio": 0.2461001,
    "chi_1": 0.01890608,
    "chi_2": 0.04888488,
    "lambda_1": 791.04366468,
    "lambda_2": 891.04366468,
    "luminosity_distance": 40.06331818,
    "phase": 5.88649652,
    "theta_jn": 1.93095421,
    "psi": 1.59687217,
    "ra": 3.39736826,
    "dec": -0.34000186,
    "geocent_time": 1187008882.43
}