{
  "GW170817": {
    "uniform": {
      "bns": {
        "radio": 522.2866284615294,
        "radio_chiEFT": 524.8499306795703,
        "radio_chiEFT_NICER": 511.7212250056595
      },
      "nsbh": {
        "radio": 4.965406504604916,
        "radio_chiEFT": 2.8512114336935688,
        "radio_chiEFT_NICER": 2.5417363385069005
      }
    },
    "gaussian": {
      "bns": {
        "radio": 525.10675633943,
        "radio_chiEFT": 523.8918244137512,
        "radio_chiEFT_NICER": 524.935991807608
      },
      "nsbh": {
        "radio": 3.3905759109779923,
        "radio_chiEFT": 3.862643633905074,
        "radio_chiEFT_NICER": 5.113490062263724
      }
    },
    "double_gaussian": {
      "bns": {
        "radio": 524.6549924224264,
        "radio_chiEFT": 525.6722138150186,
        "radio_chiEFT_NICER": 524.5048539172002
      },
      "nsbh": {
        "radio": 4.104345429766375,
        "radio_chiEFT": 3.56158931932617,
        "radio_chiEFT_NICER": 4.238282253180544
      }
    },
    "GW170817": {
      "bns": {
        "radio": 525.9301287643976,
        "radio_chiEFT": 525.7471160753151,
        "radio_chiEFT_NICER": 524.0310089547938
      },
      "nsbh": {
        "radio": 525.613256580171,
        "radio_chiEFT": 525.9479466470659,
        "radio_chiEFT_NICER": 526.0235661020221
      }
    }
  },
  "GW190425": {
    "uniform": {
      "bns": {
        "radio": 57.14115485916766,
        "radio_chiEFT": 57.2563895202176,
        "radio_chiEFT_NICER": 57.444881028819076
      },
      "nsbh": {
        "radio": 45.02161628743039,
        "radio_chiEFT": 44.23858879213394,
        "radio_chiEFT_NICER": 46.19097815235272
      }
    },
    "gaussian": {
      "bns": {
        "radio": 1.1975939003249845,
        "radio_chiEFT": 34.97287575239855,
        "radio_chiEFT_NICER": 1.1189576917529949
      },
      "nsbh": {
        "radio": 51.99160850540611,
        "radio_chiEFT": 51.86749330566699,
        "radio_chiEFT_NICER": 49.95417331266425
      }
    },
    "double_gaussian": {
      "bns": {
        "radio": 55.981986373242506,
        "radio_chiEFT": 56.19599773278752,
        "radio_chiEFT_NICER": 55.24549967174949
      },
      "nsbh": {
        "radio": 48.166881263824685,
        "radio_chiEFT": 52.550327358938965,
        "radio_chiEFT_NICER": 48.75545276164222
      }
    },
    "GW190425": {
      "bns": {
        "radio": 61.27777753568221,
        "radio_chiEFT": 61.05500501788375,
        "radio_chiEFT_NICER": 61.01668395477196
      },
      "nsbh": {
        "radio": 60.80763116193059,
        "radio_chiEFT": 60.81797337625665,
        "radio_chiEFT_NICER": 60.95264399496097
      }
    }
  },
  "GW230529": {
    "uniform": {
      "bns": {
        "radio": 0.0,
        "radio_chiEFT": 42.348403382815256,
        "radio_chiEFT_NICER": 41.68583667102994
      },
      "nsbh": {
        "radio": 45.378018123615064,
        "radio_chiEFT": 44.96281672292658,
        "radio_chiEFT_NICER": 44.77123851621523
      }
    },
    "gaussian": {
      "bns": {
        "radio": 1.6419782424891776,
        "radio_chiEFT": 2.252019555959443,
        "radio_chiEFT_NICER": 1.7626312201738812
      },
      "nsbh": {
        "radio": 45.75833796009644,
        "radio_chiEFT": 45.42435619176684,
        "radio_chiEFT_NICER": 44.58348523417955
      }
    },
    "double_gaussian": {
      "bns": {
        "radio": 39.308550491949056,
        "radio_chiEFT": 24.19182938251379,
        "radio_chiEFT_NICER": 1.3177249103762736
      },
      "nsbh": {
        "radio": 45.89017177970447,
        "radio_chiEFT": 45.72558500158683,
        "radio_chiEFT_NICER": 45.61067443095791
      }
    },
    "GW230529": {
      "bns": {
        "radio": 47.90567295831908,
        "radio_chiEFT": 47.87132896729636,
        "radio_chiEFT_NICER": 47.47078643164765
      },
      "nsbh": {
        "radio": 48.169308257037905,
        "radio_chiEFT": 47.739157551008795,
        "radio_chiEFT_NICER": 48.12146700096727
      }
    }
  }
}