{
  "GW170817": {
    "uniform": {
      "bns": {
        "radio": 522.038611426437,
        "radio_chiEFT": 523.2896998979127,
        "radio_chiEFT_NICER": 521.4756161423646
      },
      "nsbh": {
        "radio": 8.255936562759105,
        "radio_chiEFT": 11.84042722491361,
        "radio_chiEFT_NICER": 9.359911793727548
      }
    },
    "gaussian": {
      "bns": {
        "radio": 525.3845867569964,
        "radio_chiEFT": 524.9667232648134,
        "radio_chiEFT_NICER": 525.1102850767688
      },
      "nsbh": {
        "radio": 8.812298738255697,
        "radio_chiEFT": 9.380153779988163,
        "radio_chiEFT_NICER": 9.396729518093501
      }
    },
    "double_gaussian": {
      "bns": {
        "radio": 524.2177630905646,
        "radio_chiEFT": 524.9192742644502,
        "radio_chiEFT_NICER": 524.2774110217767
      },
      "nsbh": {
        "radio": 8.091413926349459,
        "radio_chiEFT": 8.427863453850678,
        "radio_chiEFT_NICER": 14.422109769884857
      }
    },
    "GW170817": {
      "bns": {
        "radio": 0.0,
        "radio_chiEFT": 0.0,
        "radio_chiEFT_NICER": 0.0
      },
      "nsbh": {
        "radio": 0.0,
        "radio_chiEFT": 0.0,
        "radio_chiEFT_NICER": 0.0
      }
    }
  },
  "GW190425": {
    "uniform": {
      "bns": {
        "radio": 58.64347695106206,
        "radio_chiEFT": 59.007489111797184,
        "radio_chiEFT_NICER": 58.20492152491431
      },
      "nsbh": {
        "radio": 49.050451853876964,
        "radio_chiEFT": 50.32788044297608,
        "radio_chiEFT_NICER": 48.06740093855334
      }
    },
    "gaussian": {
      "bns": {
        "radio": 4.259454173940958,
        "radio_chiEFT": 51.273247143366916,
        "radio_chiEFT_NICER": 5.727940589419137
      },
      "nsbh": {
        "radio": 51.312136566058214,
        "radio_chiEFT": 0.0,
        "radio_chiEFT_NICER": 47.5601488887707
      }
    },
    "double_gaussian": {
      "bns": {
        "radio": 57.10381979138981,
        "radio_chiEFT": 57.54206606859922,
        "radio_chiEFT_NICER": 0.0
      },
      "nsbh": {
        "radio": 46.68663731595452,
        "radio_chiEFT": 0.0,
        "radio_chiEFT_NICER": 0.0
      }
    },
    "GW190425": {
      "bns": {
        "radio": 0.0,
        "radio_chiEFT": 0.0,
        "radio_chiEFT_NICER": 0.0
      },
      "nsbh": {
        "radio": 0.0,
        "radio_chiEFT": 0.0,
        "radio_chiEFT_NICER": 0.0
      }
    }
  },
  "GW230529": {
    "uniform": {
      "bns": {
        "radio": 42.04215616643491,
        "radio_chiEFT": 42.01721831818431,
        "radio_chiEFT_NICER": 42.26180353138143
      },
      "nsbh": {
        "radio": 44.7834468720984,
        "radio_chiEFT": 44.86387860332187,
        "radio_chiEFT_NICER": 44.67872435940012
      }
    },
    "gaussian": {
      "bns": {
        "radio": 2.018395479427896,
        "radio_chiEFT": 2.2779365431319567,
        "radio_chiEFT_NICER": 2.07220589686759
      },
      "nsbh": {
        "radio": 45.00825100917776,
        "radio_chiEFT": 44.97668207528049,
        "radio_chiEFT_NICER": 44.80243926391666
      }
    },
    "double_gaussian": {
      "bns": {
        "radio": 36.13432523028467,
        "radio_chiEFT": 38.67880071328946,
        "radio_chiEFT_NICER": 0.0
      },
      "nsbh": {
        "radio": 45.01698141501267,
        "radio_chiEFT": 0.0,
        "radio_chiEFT_NICER": 0.0
      }
    },
    "GW230529": {
      "bns": {
        "radio": 0.0,
        "radio_chiEFT": 0.0,
        "radio_chiEFT_NICER": 0.0
      },
      "nsbh": {
        "radio": 0.0,
        "radio_chiEFT": 0.0,
        "radio_chiEFT_NICER": 0.0
      }
    }
  },
  "log_evidence_errors": [
    0.10464565253272005,
    0.10939446653196393,
    0.1079419296606219,
    0.0870304320386704,
    0.09163875201054668,
    0.09695798048470722,
    0.1026269888441785,
    0.1053275491328088,
    0.10081517425372083,
    0.08214154177802013,
    0.08392403350174919,
    0.07995493177230156,
    0.10859935429699523,
    0.10193115106610814,
    0.10116419743217155,
    0.08746582015024959,
    0.07533696008762007,
    0.09878607682992963,
    0.0943472510464446,
    0.09188009758938352,
    0.09400500086878603,
    0.10838327780439083,
    0.10501806289418944,
    0.10896764873475692,
    0.08001086840108576,
    0.09823846010887023,
    0.09007676923875978,
    0.10446418823979046,
    0.10942118377435534,
    0.09476746551149813,
    0.09528618567850618,
    0.11400194346754024,
    0.09245204130542302,
    0.09285364516281397,
    0.0912148090354527,
    0.08691960179224809,
    0.09117385422167214,
    0.09131086495909332,
    0.07057324717601382,
    0.0719909230982429,
    0.06806540040752833,
    0.09262876847287375,
    0.09292478590563874,
    0.09269277145797272,
    0.10292760298497469,
    0.1010025522339782,
    0.09327082162501962
  ]
}