{
  "GW170817": {
    "uniform": {
      "bns": {
        "radio": 522.038611426437,
        "radio_chiEFT": 523.2896998979127,
        "radio_chiEFT_NICER": 521.4756161423646
      },
      "nsbh": {
        "radio": 8.255936562759105,
        "radio_chiEFT": 11.84042722491361,
        "radio_chiEFT_NICER": 9.359911793727548
      }
    },
    "gaussian": {
      "bns": {
        "radio": 525.3845867569964,
        "radio_chiEFT": 524.9667232648134,
        "radio_chiEFT_NICER": 525.1102850767688
      },
      "nsbh": {
        "radio": 8.812298738255697,
        "radio_chiEFT": 9.380153779988163,
        "radio_chiEFT_NICER": 9.396729518093501
      }
    },
    "double_gaussian": {
      "bns": {
        "radio": 524.2177630905646,
        "radio_chiEFT": 524.9192742644502,
        "radio_chiEFT_NICER": 0.0
      },
      "nsbh": {
        "radio": 8.091413926349459,
        "radio_chiEFT": 8.427863453850678,
        "radio_chiEFT_NICER": 0.0
      }
    },
    "GW170817": {
      "bns": {
        "radio": 0.0,
        "radio_chiEFT": 0.0,
        "radio_chiEFT_NICER": 0.0
      },
      "nsbh": {
        "radio": 0.0,
        "radio_chiEFT": 0.0,
        "radio_chiEFT_NICER": 0.0
      }
    }
  },
  "GW190425": {
    "uniform": {
      "bns": {
        "radio": 0.0,
        "radio_chiEFT": 59.007489111797184,
        "radio_chiEFT_NICER": 58.20492152491431
      },
      "nsbh": {
        "radio": 0.0,
        "radio_chiEFT": 0.0,
        "radio_chiEFT_NICER": 0.0
      }
    },
    "gaussian": {
      "bns": {
        "radio": 4.259454173940958,
        "radio_chiEFT": 51.273247143366916,
        "radio_chiEFT_NICER": 0.0
      },
      "nsbh": {
        "radio": 0.0,
        "radio_chiEFT": 0.0,
        "radio_chiEFT_NICER": 0.0
      }
    },
    "double_gaussian": {
      "bns": {
        "radio": 0.0,
        "radio_chiEFT": 0.0,
        "radio_chiEFT_NICER": 0.0
      },
      "nsbh": {
        "radio": 0.0,
        "radio_chiEFT": 0.0,
        "radio_chiEFT_NICER": 0.0
      }
    },
    "GW190425": {
      "bns": {
        "radio": 0.0,
        "radio_chiEFT": 0.0,
        "radio_chiEFT_NICER": 0.0
      },
      "nsbh": {
        "radio": 0.0,
        "radio_chiEFT": 0.0,
        "radio_chiEFT_NICER": 0.0
      }
    }
  },
  "GW230529": {
    "uniform": {
      "bns": {
        "radio": 42.04215616643491,
        "radio_chiEFT": 42.01721831818431,
        "radio_chiEFT_NICER": 42.26180353138143
      },
      "nsbh": {
        "radio": 0.0,
        "radio_chiEFT": 0.0,
        "radio_chiEFT_NICER": 44.67872435940012
      }
    },
    "gaussian": {
      "bns": {
        "radio": 2.018395479427896,
        "radio_chiEFT": 2.2779365431319567,
        "radio_chiEFT_NICER": 2.07220589686759
      },
      "nsbh": {
        "radio": 0.0,
        "radio_chiEFT": 0.0,
        "radio_chiEFT_NICER": 0.0
      }
    },
    "double_gaussian": {
      "bns": {
        "radio": 0.0,
        "radio_chiEFT": 0.0,
        "radio_chiEFT_NICER": 0.0
      },
      "nsbh": {
        "radio": 0.0,
        "radio_chiEFT": 0.0,
        "radio_chiEFT_NICER": 0.0
      }
    },
    "GW230529": {
      "bns": {
        "radio": 0.0,
        "radio_chiEFT": 0.0,
        "radio_chiEFT_NICER": 0.0
      },
      "nsbh": {
        "radio": 0.0,
        "radio_chiEFT": 0.0,
        "radio_chiEFT_NICER": 0.0
      }
    }
  },
  "log_evidence_errors": [
    0.10464565253272005,
    0.10939446653196393,
    0.1079419296606219,
    0.0870304320386704,
    0.09163875201054668,
    0.09695798048470722,
    0.1026269888441785,
    0.1053275491328088,
    0.10081517425372083,
    0.08214154177802013,
    0.08392403350174919,
    0.07995493177230156,
    0.10859935429699523,
    0.10193115106610814,
    0.08746582015024959,
    0.07533696008762007,
    0.09188009758938352,
    0.09400500086878603,
    0.08001086840108576,
    0.09823846010887023,
    0.09245204130542302,
    0.09285364516281397,
    0.0912148090354527,
    0.09131086495909332,
    0.07057324717601382,
    0.0719909230982429,
    0.06806540040752833
  ]
}