{
  "GW170817": {
    "uniform": {
      "bns": {
        "radio": 520.438663347178,
        "radio_chiEFT": 523.8167524911787,
        "radio_chiEFT_NICER": 522.2923227088039
      },
      "nsbh": {
        "radio": -1.1792759047859802,
        "radio_chiEFT": -1.5881797069333456,
        "radio_chiEFT_NICER": -1.7101957869216917
      }
    },
    "gaussian": {
      "bns": {
        "radio": 525.4084352885486,
        "radio_chiEFT": 0.0,
        "radio_chiEFT_NICER": 0.0
      },
      "nsbh": {
        "radio": -0.8144962545238079,
        "radio_chiEFT": -0.8641240998438883,
        "radio_chiEFT_NICER": 0.0
      }
    },
    "double_gaussian": {
      "bns": {
        "radio": 0.0,
        "radio_chiEFT": 0.0,
        "radio_chiEFT_NICER": 0.0
      },
      "nsbh": {
        "radio": 0.0,
        "radio_chiEFT": 0.0,
        "radio_chiEFT_NICER": 0.0
      }
    },
    "GW170817": {
      "bns": {
        "radio": 525.9301287643976,
        "radio_chiEFT": 525.7471160753151,
        "radio_chiEFT_NICER": 524.0310089547938
      },
      "nsbh": {
        "radio": 525.613256580171,
        "radio_chiEFT": 525.9479466470659,
        "radio_chiEFT_NICER": 526.0235661020221
      }
    }
  },
  "GW190425": {
    "uniform": {
      "bns": {
        "radio": 0.0,
        "radio_chiEFT": 0.0,
        "radio_chiEFT_NICER": 0.0
      },
      "nsbh": {
        "radio": 0.0,
        "radio_chiEFT": 0.0,
        "radio_chiEFT_NICER": 0.0
      }
    },
    "gaussian": {
      "bns": {
        "radio": 0.0,
        "radio_chiEFT": 0.0,
        "radio_chiEFT_NICER": 0.0
      },
      "nsbh": {
        "radio": 0.0,
        "radio_chiEFT": 0.0,
        "radio_chiEFT_NICER": 0.0
      }
    },
    "double_gaussian": {
      "bns": {
        "radio": 0.0,
        "radio_chiEFT": 0.0,
        "radio_chiEFT_NICER": 0.0
      },
      "nsbh": {
        "radio": 0.0,
        "radio_chiEFT": 0.0,
        "radio_chiEFT_NICER": 0.0
      }
    },
    "GW190425": {
      "bns": {
        "radio": 61.27777753568221,
        "radio_chiEFT": 61.05500501788375,
        "radio_chiEFT_NICER": 61.01668395477196
      },
      "nsbh": {
        "radio": 60.80763116193059,
        "radio_chiEFT": 60.81797337625665,
        "radio_chiEFT_NICER": 60.95264399496097
      }
    }
  },
  "GW230529": {
    "uniform": {
      "bns": {
        "radio": 0.0,
        "radio_chiEFT": 0.0,
        "radio_chiEFT_NICER": 0.0
      },
      "nsbh": {
        "radio": 0.0,
        "radio_chiEFT": 0.0,
        "radio_chiEFT_NICER": 0.0
      }
    },
    "gaussian": {
      "bns": {
        "radio": 0.0,
        "radio_chiEFT": 0.0,
        "radio_chiEFT_NICER": 0.0
      },
      "nsbh": {
        "radio": 0.0,
        "radio_chiEFT": 0.0,
        "radio_chiEFT_NICER": 0.0
      }
    },
    "double_gaussian": {
      "bns": {
        "radio": 0.0,
        "radio_chiEFT": 0.0,
        "radio_chiEFT_NICER": 0.0
      },
      "nsbh": {
        "radio": 0.0,
        "radio_chiEFT": 0.0,
        "radio_chiEFT_NICER": 0.0
      }
    },
    "GW230529": {
      "bns": {
        "radio": 47.90567295831908,
        "radio_chiEFT": 47.87132896729636,
        "radio_chiEFT_NICER": 47.47078643164765
      },
      "nsbh": {
        "radio": 48.169308257037905,
        "radio_chiEFT": 47.739157551008795,
        "radio_chiEFT_NICER": 48.12146700096727
      }
    }
  },
  "log_evidence_errors": [
    0.2140187543122407,
    0.2078324580250197,
    0.21013673740877517,
    0.1393879638392617,
    0.14049878554198075,
    0.13863080726559857,
    0.20355322564274314,
    0.1386237965028458,
    0.1467837054593721,
    0.19930634590119115,
    0.20224053037410736,
    0.20179277973991305,
    0.19855694640318053,
    0.19835747273720675,
    0.19827840977921513,
    0.16844705161353032,
    0.16792177997004318,
    0.16417948015167952,
    0.16676235094923525,
    0.16330207489006732,
    0.16747154084613786,
    0.1612632334935327,
    0.1689262947061443,
    0.1638226963430074,
    0.16813496545360873,
    0.16849418257558862,
    0.1626932196713637
  ]
}