{
  "log_evidence_errors": [
    0.11714315844170707,
    0.11221298449773294,
    0.11515179468618504,
    0.11530395204383734,
    0.11703925876927514,
    0.11339205318662522,
    0.11435485599992413,
    0.11627817934561573,
    0.04207140816999382,
    0.04094553955805571,
    0.042683578937571305,
    0.03628472998692356,
    0.034534459715537466,
    0.03342230155821054,
    0.038946707396265504,
    0.039919227663658075,
    0.03688757193109088,
    0.09660048478467438,
    0.09700514791195923,
    0.09855014480331056,
    0.11572346028008311,
    0.11766756440364191,
    0.11786550264177485,
    0.10071097895028139,
    0.10075455995835364,
    0.10202594676355531,
    0.10484432273114147,
    0.09931812965012182,
    0.10485072041456525,
    0.09710770215267295,
    0.1038544975938385,
    0.10433677776228241,
    0.1155625024115611,
    0.040886636811091455,
    0.07411363489067785,
    0.08061471800215993,
    0.07929080736171343,
    0.04439426146539968,
    0.03844190466395086,
    0.04300644230050248,
    0.08730537451827289,
    0.08610298025486916,
    0.08726079001782384,
    0.09753842638420554,
    0.09520433293263289,
    0.09217122677210922,
    0.09401751477314028,
    0.09483095068156401,
    0.09704166512863409,
    0.09768098443036627,
    0.09751501481702933,
    0.09667928331902062
  ],
  "bns": {
    "uniform": {
      "radio": {
        "GW190425": 55.59069583690289,
        "GW230529": 13.113095882454207
      },
      "radio_chiEFT": {
        "GW170817": 515.409450586877,
        "GW190425": 55.48676334037533,
        "GW230529": 13.150390001271743
      },
      "radio_NICER": {
        "GW170817": 513.6273787554023,
        "GW190425": 55.742587076765396,
        "GW230529": 13.62354277270737
      },
      "radio_chiEFT_NICER": {}
    },
    "gaussian": {
      "radio": {
        "GW170817": 515.7044770726436,
        "GW190425": 39.87443987788748,
        "GW230529": 0.02424450054276521
      },
      "radio_chiEFT": {
        "GW170817": 517.259361299183,
        "GW190425": 36.251017619846984,
        "GW230529": 0.01676480896643824
      },
      "radio_NICER": {
        "GW170817": 515.5190972471378,
        "GW190425": 43.189399257608336,
        "GW230529": 0.051847044995160046
      },
      "radio_chiEFT_NICER": {}
    },
    "double_gaussian": {
      "radio": {
        "GW170817": 514.116944662818,
        "GW190425": 54.4799309088091,
        "GW230529": 11.700117354525894
      },
      "radio_chiEFT": {
        "GW170817": 515.8983595457642,
        "GW190425": 53.92477163199113,
        "GW230529": 11.654256654213949
      },
      "radio_NICER": {
        "GW170817": 515.13812190432,
        "GW190425": 54.421492016793195,
        "GW230529": 11.788105428417147
      },
      "radio_chiEFT_NICER": {}
    },
    "GW170817": {
      "radio": {},
      "radio_chiEFT": {},
      "radio_NICER": {},
      "radio_chiEFT_NICER": {}
    },
    "GW190425": {
      "radio": {},
      "radio_chiEFT": {},
      "radio_NICER": {},
      "radio_chiEFT_NICER": {}
    },
    "GW230529": {
      "radio": {},
      "radio_chiEFT": {},
      "radio_NICER": {},
      "radio_chiEFT_NICER": {}
    }
  },
  "nsbh": {
    "uniform": {
      "radio": {
        "GW170817": -0.013402437995495928,
        "GW190425": 52.23766603503372,
        "GW230529": 43.17010928665965
      },
      "radio_chiEFT": {
        "GW170817": -0.034686395649968955,
        "GW190425": 52.63151963855035,
        "GW230529": 43.32819144404471
      },
      "radio_NICER": {
        "GW170817": -0.03310597246482464,
        "GW190425": 51.98837861863771,
        "GW230529": 42.799655362033846
      },
      "radio_chiEFT_NICER": {}
    },
    "gaussian": {
      "radio": {
        "GW170817": -0.07183478742606401,
        "GW190425": 53.853130141699715,
        "GW230529": 43.25719802687491
      },
      "radio_chiEFT": {
        "GW170817": -0.042711977610197266,
        "GW190425": 53.187283413397964,
        "GW230529": 42.89914813408029
      },
      "radio_NICER": {
        "GW170817": -0.04322642146447968,
        "GW190425": 52.44916085677166,
        "GW230529": 43.36568128731335
      },
      "radio_chiEFT_NICER": {}
    },
    "double_gaussian": {
      "radio": {
        "GW170817": -0.06735105388855994,
        "GW190425": 46.2790590896744,
        "GW230529": 43.03515062836093
      },
      "radio_chiEFT": {
        "GW170817": -0.09115358088754744,
        "GW230529": 43.0653360944352
      },
      "radio_NICER": {
        "GW170817": -0.06076812774518692,
        "GW190425": -0.2264338949815516,
        "GW230529": 43.25746988314184
      },
      "radio_chiEFT_NICER": {}
    },
    "GW170817": {
      "radio": {},
      "radio_chiEFT": {},
      "radio_NICER": {},
      "radio_chiEFT_NICER": {}
    },
    "GW190425": {
      "radio": {},
      "radio_chiEFT": {},
      "radio_NICER": {},
      "radio_chiEFT_NICER": {}
    },
    "GW230529": {
      "radio": {},
      "radio_chiEFT": {},
      "radio_NICER": {},
      "radio_chiEFT_NICER": {}
    }
  }
}