{
  "log_evidence_errors": [
    0.11960356608840228,
    0.11421473473408233,
    0.1157123494020425,
    0.1167663630090069,
    0.11984351290242883,
    0.11330368794705771,
    0.1138596250640902,
    0.11060053938730723,
    0.11721897464672722,
    0.03951830366258517,
    0.03598388282963341,
    0.03964484879019709,
    0.03988565592303785,
    0.03872240247520921,
    0.038678810438631424,
    0.03861500453279553,
    0.0373679209798026,
    0.040209547908713734,
    0.09884623381022127,
    0.09720828578503693,
    0.09992667217205432,
    0.12264746772922411,
    0.11837222962390322,
    0.11433644351457362,
    0.10053553175898026,
    0.10189103166119083,
    0.1003187154080728,
    0.09872192385027447,
    0.0994245926418888,
    0.10380516939242761,
    0.09888659827023082,
    0.10208630645458665,
    0.09995050695874425,
    0.10208344763293814,
    0.10713716352436775,
    0.10112760154162664,
    0.08547433286862513,
    0.0817710360914352,
    0.07638055046502412,
    0.08592387333129031,
    0.08202084244894302,
    0.09500363075855617,
    0.097517996975246,
    0.09612684595706733,
    0.09465636605114554,
    0.09551466957379508,
    0.09600219889027378,
    0.09748869357740039,
    0.09628997497668165,
    0.095677937188416
  ],
  "bns": {
    "uniform": {
      "radio": {
        "GW170817": 514.276114664776,
        "GW190425": 55.33698624779912,
        "GW230529": 13.04252954613289
      },
      "radio_chiEFT": {
        "GW170817": 514.8161945412942,
        "GW190425": 55.12284436832686,
        "GW230529": 12.855817441352
      },
      "radio_NICER": {
        "GW170817": 514.0421759007628,
        "GW190425": 55.09142035176397,
        "GW230529": 13.048894531973582
      },
      "radio_chiEFT_NICER": {}
    },
    "gaussian": {
      "radio": {
        "GW170817": 515.7017429149917,
        "GW190425": 35.73496291202596
      },
      "radio_chiEFT": {
        "GW170817": 516.0208332549579,
        "GW190425": 40.198649924480605
      },
      "radio_NICER": {
        "GW170817": 515.9140577450088,
        "GW190425": 45.14951183073117
      },
      "radio_chiEFT_NICER": {}
    },
    "double_gaussian": {
      "radio": {
        "GW170817": 515.0421872553661,
        "GW190425": 53.59612767970911,
        "GW230529": 11.650972162466212
      },
      "radio_chiEFT": {
        "GW170817": 515.4207950669175,
        "GW190425": 54.047720888375814,
        "GW230529": 11.755013590454011
      },
      "radio_NICER": {
        "GW170817": 514.3461062478164,
        "GW190425": 53.28709405000665
      },
      "radio_chiEFT_NICER": {}
    },
    "GW170817": {
      "radio": {},
      "radio_chiEFT": {},
      "radio_NICER": {},
      "radio_chiEFT_NICER": {}
    },
    "GW190425": {
      "radio": {},
      "radio_chiEFT": {},
      "radio_NICER": {},
      "radio_chiEFT_NICER": {}
    },
    "GW230529": {
      "radio": {},
      "radio_chiEFT": {},
      "radio_NICER": {},
      "radio_chiEFT_NICER": {}
    }
  },
  "nsbh": {
    "uniform": {
      "radio": {
        "GW170817": -0.002621761670893634,
        "GW190425": 52.797477577932625,
        "GW230529": 43.14471140699745
      },
      "radio_chiEFT": {
        "GW170817": -0.01726450831040161,
        "GW190425": 52.79521417719042,
        "GW230529": 42.879458407528816
      },
      "radio_NICER": {
        "GW170817": -0.03906900248877594,
        "GW190425": 52.60627331034804,
        "GW230529": 42.54410732321741
      },
      "radio_chiEFT_NICER": {}
    },
    "gaussian": {
      "radio": {
        "GW170817": -0.049531124607769046,
        "GW190425": 53.440916462937246,
        "GW230529": 42.87133853812883
      },
      "radio_chiEFT": {
        "GW170817": -0.047858621296421995,
        "GW190425": 53.009688856173376,
        "GW230529": 42.86304335049389
      },
      "radio_NICER": {
        "GW170817": -0.06609837120143765,
        "GW190425": 53.07151806461303,
        "GW230529": 43.51409553831793
      },
      "radio_chiEFT_NICER": {}
    },
    "double_gaussian": {
      "radio": {
        "GW170817": -0.038319222806817134,
        "GW190425": 51.53335406282337,
        "GW230529": 43.10254428908233
      },
      "radio_chiEFT": {
        "GW170817": -0.049059116464035706,
        "GW190425": 47.50436131948833,
        "GW230529": 43.32948738469454
      },
      "radio_NICER": {
        "GW170817": -0.030020847692308786,
        "GW190425": 50.46580893518976,
        "GW230529": 43.37893409570957
      },
      "radio_chiEFT_NICER": {}
    },
    "GW170817": {
      "radio": {},
      "radio_chiEFT": {},
      "radio_NICER": {},
      "radio_chiEFT_NICER": {}
    },
    "GW190425": {
      "radio": {},
      "radio_chiEFT": {},
      "radio_NICER": {},
      "radio_chiEFT_NICER": {}
    },
    "GW230529": {
      "radio": {},
      "radio_chiEFT": {},
      "radio_NICER": {},
      "radio_chiEFT_NICER": {}
    }
  }
}