{
  "GW170817": {
    "uniform": {
      "bns": {
        "radio": 503.83469902539576,
        "radio_chiEFT": 505.3777774076245,
        "radio_chiEFT_NICER": 503.87430273264243
      },
      "bns_jacobian_correction": {
        "radio": -18.203912401041233,
        "radio_chiEFT": -17.911922490288177,
        "radio_chiEFT_NICER": -17.6013134097222
      },
      "nsbh": {
        "radio": -1.3884959503678118,
        "radio_chiEFT": 2.250532441096505,
        "radio_chiEFT_NICER": 0.032199280506558736
      },
      "nsbh_jacobian_correction": {
        "radio": -9.644432513126917,
        "radio_chiEFT": -9.589894783817105,
        "radio_chiEFT_NICER": -9.32771251322099
      }
    },
    "gaussian": {
      "bns": {
        "radio": 509.79973997253046,
        "radio_chiEFT": 509.340873717889,
        "radio_chiEFT_NICER": 510.06309398424054
      },
      "bns_jacobian_correction": {
        "radio": -15.584846784465967,
        "radio_chiEFT": -15.625849546924393,
        "radio_chiEFT_NICER": -15.047191092528285
      },
      "nsbh": {
        "radio": 0.36236380061034446,
        "radio_chiEFT": 0.9427426201759577,
        "radio_chiEFT_NICER": 1.3169990345822917
      },
      "nsbh_jacobian_correction": {
        "radio": -8.449934937645352,
        "radio_chiEFT": -8.437411159812205,
        "radio_chiEFT_NICER": -8.07973048351121
      }
    },
    "double_gaussian": {
      "bns": {
        "radio": 507.7737720082606,
        "radio_chiEFT": 508.3361747501439,
        "radio_chiEFT_NICER": 508.0536732333552
      },
      "bns_jacobian_correction": {
        "radio": -16.443991082304017,
        "radio_chiEFT": -16.5830995143063,
        "radio_chiEFT_NICER": -16.223737788421538
      },
      "nsbh": {
        "radio": -0.7920590436435102,
        "radio_chiEFT": -1.2434558377333467,
        "radio_chiEFT_NICER": 5.30670032523293
      },
      "nsbh_jacobian_correction": {
        "radio": -8.883472969992969,
        "radio_chiEFT": -9.671319291584025,
        "radio_chiEFT_NICER": -9.115409444651927
      }
    },
    "GW170817": {
      "bns": {
        "radio": 0.0,
        "radio_chiEFT": 0.0,
        "radio_chiEFT_NICER": 0.0
      },
      "nsbh": {
        "radio": 0.0,
        "radio_chiEFT": 0.0,
        "radio_chiEFT_NICER": 0.0
      }
    }
  },
  "GW190425": {
    "uniform": {
      "bns": {
        "radio": 40.43956455002083,
        "radio_chiEFT": 41.09556662150901,
        "radio_chiEFT_NICER": 40.60360811519212
      },
      "bns_jacobian_correction": {
        "radio": -18.203912401041233,
        "radio_chiEFT": -17.911922490288177,
        "radio_chiEFT_NICER": -17.6013134097222
      },
      "nsbh": {
        "radio": 39.40601934075005,
        "radio_chiEFT": 40.73798565915898,
        "radio_chiEFT_NICER": 38.73968842533235
      },
      "nsbh_jacobian_correction": {
        "radio": -9.644432513126917,
        "radio_chiEFT": -9.589894783817105,
        "radio_chiEFT_NICER": -9.32771251322099
      }
    },
    "gaussian": {
      "bns": {
        "radio": -11.325392610525007,
        "radio_chiEFT": 35.647397596442524,
        "radio_chiEFT_NICER": -9.31925050310915
      },
      "bns_jacobian_correction": {
        "radio": -15.584846784465967,
        "radio_chiEFT": -15.625849546924393,
        "radio_chiEFT_NICER": -15.047191092528285
      },
      "nsbh": {
        "radio": 42.86220162841286,
        "radio_chiEFT": 41.8894392407986,
        "radio_chiEFT_NICER": 39.480418405259485
      },
      "nsbh_jacobian_correction": {
        "radio": -8.449934937645352,
        "radio_chiEFT": -8.437411159812205,
        "radio_chiEFT_NICER": -8.07973048351121
      }
    },
    "double_gaussian": {
      "bns": {
        "radio": 40.659828709085794,
        "radio_chiEFT": 40.958966554292914,
        "radio_chiEFT_NICER": 0.0
      },
      "bns_jacobian_correction": {
        "radio": -16.443991082304017,
        "radio_chiEFT": -16.5830995143063
      },
      "nsbh": {
        "radio": 37.80316434596155,
        "radio_chiEFT": 40.34582704405453,
        "radio_chiEFT_NICER": 0.0
      },
      "nsbh_jacobian_correction": {
        "radio": -8.883472969992969,
        "radio_chiEFT": -9.671319291584025
      }
    },
    "GW190425": {
      "bns": {
        "radio": 0.0,
        "radio_chiEFT": 0.0,
        "radio_chiEFT_NICER": 0.0
      },
      "nsbh": {
        "radio": 0.0,
        "radio_chiEFT": 0.0,
        "radio_chiEFT_NICER": 0.0
      }
    }
  },
  "GW230529": {
    "uniform": {
      "bns": {
        "radio": 23.838243765393674,
        "radio_chiEFT": 24.105295827896136,
        "radio_chiEFT_NICER": 24.660490121659233
      },
      "bns_jacobian_correction": {
        "radio": -18.203912401041233,
        "radio_chiEFT": -17.911922490288177,
        "radio_chiEFT_NICER": -17.6013134097222
      },
      "nsbh": {
        "radio": 35.13901435897149,
        "radio_chiEFT": 35.273983819504764,
        "radio_chiEFT_NICER": 35.351011846179134
      },
      "nsbh_jacobian_correction": {
        "radio": -9.644432513126917,
        "radio_chiEFT": -9.589894783817105,
        "radio_chiEFT_NICER": -9.32771251322099
      }
    },
    "gaussian": {
      "bns": {
        "radio": -13.56645130503807,
        "radio_chiEFT": -13.347913003792435,
        "radio_chiEFT_NICER": -12.974985195660695
      },
      "bns_jacobian_correction": {
        "radio": -15.584846784465967,
        "radio_chiEFT": -15.625849546924393,
        "radio_chiEFT_NICER": -15.047191092528285
      },
      "nsbh": {
        "radio": 36.55831607153241,
        "radio_chiEFT": 36.539270915468286,
        "radio_chiEFT_NICER": 36.722708780405455
      },
      "nsbh_jacobian_correction": {
        "radio": -8.449934937645352,
        "radio_chiEFT": -8.437411159812205,
        "radio_chiEFT_NICER": -8.07973048351121
      }
    },
    "double_gaussian": {
      "bns": {
        "radio": 19.69033414798065,
        "radio_chiEFT": 22.09570119898316,
        "radio_chiEFT_NICER": 0.0
      },
      "bns_jacobian_correction": {
        "radio": -16.443991082304017,
        "radio_chiEFT": -16.5830995143063
      },
      "nsbh": {
        "radio": 36.1335084450197,
        "radio_chiEFT": 0.0,
        "radio_chiEFT_NICER": 0.0
      },
      "nsbh_jacobian_correction": {
        "radio": -8.883472969992969
      }
    },
    "GW230529": {
      "bns": {
        "radio": 0.0,
        "radio_chiEFT": 0.0,
        "radio_chiEFT_NICER": 0.0
      },
      "nsbh": {
        "radio": 0.0,
        "radio_chiEFT": 0.0,
        "radio_chiEFT_NICER": 0.0
      }
    }
  },
  "log_evidence_errors": [
    0.10464565253272005,
    0.10939446653196393,
    0.1079419296606219,
    0.0870304320386704,
    0.09163875201054668,
    0.09695798048470722,
    0.1026269888441785,
    0.1053275491328088,
    0.10081517425372083,
    0.08214154177802013,
    0.08392403350174919,
    0.07995493177230156,
    0.10859935429699523,
    0.10193115106610814,
    0.10116419743217155,
    0.08746582015024959,
    0.07533696008762007,
    0.09878607682992963,
    0.0943472510464446,
    0.09188009758938352,
    0.09400500086878603,
    0.10838327780439083,
    0.10501806289418944,
    0.10896764873475692,
    0.08001086840108576,
    0.09823846010887023,
    0.09007676923875978,
    0.10446418823979046,
    0.1065103248118284,
    0.10942118377435534,
    0.09476746551149813,
    0.09528618567850618,
    0.11400194346754024,
    0.10681169991073285,
    0.09245204130542302,
    0.09285364516281397,
    0.0912148090354527,
    0.08691960179224809,
    0.09117385422167214,
    0.09131086495909332,
    0.07057324717601382,
    0.0719909230982429,
    0.06806540040752833,
    0.09262876847287375,
    0.09292478590563874,
    0.09269277145797272,
    0.10292760298497469,
    0.1010025522339782,
    0.09327082162501962
  ],
  "jacobian_corrections": {
    "uniform_bns_radio": -18.203912401041233,
    "uniform_bns_radio_chiEFT": -17.911922490288177,