{
  "log_evidence_errors": [
    0.10756868463153066,
    0.11018972834443466,
    0.10943402995817957,
    0.10643394014099779,
    0.10276313419081953,
    0.10706570127646506,
    0.10802032235762275,
    0.10644189199424657,
    0.10408812815916395,
    0.09236112802479167,
    0.09353435095727837,
    0.09350559086023179,
    0.09056053015179674,
    0.09740853709421675,
    0.09617277672054565,
    0.09521302556116654,
    0.09632538175316978,
    0.07989919456159662,
    0.10378465717643215,
    0.07040726072727846,
    0.10868170033350534,
    0.0992851840772757,
    0.09682148655950111,
    0.09997062498627461,
    0.09689015564945269,
    0.0960367189513741,
    0.09559474809543896,
    0.09575952195952002,
    0.09431761469448387,
    0.101144509193001,
    0.10120074788053737,
    0.09628891147186827,
    0.09855569442303333,
    0.07820367115794401,
    0.08378109477868632,
    0.07946180870203588,
    0.09182908332820273,
    0.09268597003567122,
    0.09177918626028728,
    0.055372279347447366,
    0.06089209894453132,
    0.06349338216159237,
    0.09017592516546377,
    0.09049634325846012,
    0.08836417002532987,
    0.0866423387112612,
    0.08860669758100484,
    0.06660368979121697,
    0.0887571968520216,
    0.09139382069835003,
    0.09007765783530906
  ],
  "bns": {
    "uniform": {
      "radio": {
        "GW170817": 523.0235865839396,
        "GW190425": 58.92638194083023,
        "GW230529": 13.88697233987073
      },
      "radio_chiEFT": {
        "GW170817": 522.4835932462173,
        "GW190425": 58.77384362978999,
        "GW230529": 13.63009176175895
      },
      "radio_NICER": {
        "GW170817": 523.1073505609236,
        "GW190425": 58.66265031259218,
        "GW230529": 13.749143916671308
      },
      "radio_GW170817": {
        "GW190425": 58.858070807309836
      },
      "radio_chiEFT_NICER": {
        "GW170817": 0.0,
        "GW190425": 0.0,
        "GW230529": 0.0
      }
    },
    "gaussian": {
      "radio": {
        "GW170817": 524.9298752531777,
        "GW190425": 4.751104907045054,
        "GW230529": 1.3221648084582933
      },
      "radio_chiEFT": {
        "GW170817": 524.6867261357659,
        "GW190425": 49.789642417664176,
        "GW230529": 1.3123685855910772
      },
      "radio_NICER": {
        "GW170817": 524.2992872542478,
        "GW190425": 4.577040516314336,
        "GW230529": 1.6009059665528813
      },
      "radio_GW170817": {
        "GW190425": 42.868059027286996
      },
      "radio_chiEFT_NICER": {
        "GW170817": 0.0,
        "GW190425": 0.0,
        "GW230529": 0.0
      }
    },
    "double_gaussian": {
      "radio": {
        "GW170817": 524.0548123365982,
        "GW190425": 57.67851077583951,
        "GW230529": 10.482149212548759
      },
      "radio_chiEFT": {
        "GW170817": 524.874840521988,
        "GW190425": 57.7964508137936,
        "GW230529": 8.48689558934998
      },
      "radio_NICER": {
        "GW170817": 524.0616414419433,
        "GW190425": 57.330324513861164,
        "GW230529": 2.785738019215814
      },
      "radio_GW170817": {
        "GW190425": 57.94097770256
      },
      "radio_chiEFT_NICER": {
        "GW170817": 0.0,
        "GW190425": 0.0,
        "GW230529": 0.0
      }
    },
    "GW170817": {
      "radio": {
        "GW170817": 0.0
      },
      "radio_chiEFT": {
        "GW170817": 0.0
      },
      "radio_NICER": {
        "GW170817": 0.0
      },
      "radio_GW170817": {},
      "radio_chiEFT_NICER": {
        "GW170817": 0.0
      }
    },
    "GW190425": {
      "radio": {
        "GW190425": 0.0
      },
      "radio_chiEFT": {
        "GW190425": 0.0
      },
      "radio_NICER": {
        "GW190425": 0.0
      },
      "radio_GW170817": {
        "GW190425": 0.0
      },
      "radio_chiEFT_NICER": {
        "GW190425": 0.0
      }
    },
    "GW230529": {
      "radio": {
        "GW230529": 0.0
      },
      "radio_chiEFT": {
        "GW230529": 0.0
      },
      "radio_NICER": {
        "GW230529": 0.0
      },
      "radio_GW170817": {},
      "radio_chiEFT_NICER": {
        "GW230529": 0.0
      }
    }
  },
  "nsbh": {
    "uniform": {
      "radio": {
        "GW170817": 0.0,
        "GW190425": 54.87310855289423,
        "GW230529": 45.099581156289155
      },
      "radio_chiEFT": {
        "GW170817": 0.0,
        "GW190425": 55.00632222048893,
        "GW230529": 44.82648925831554
      },
      "radio_NICER": {
        "GW170817": 0.0,
        "GW190425": 55.28537499881108,
        "GW230529": 44.77696552081341
      },
      "radio_GW170817": {
        "GW190425": 55.14538247565176
      },
      "radio_chiEFT_NICER": {
        "GW170817": 0.0,
        "GW190425": 0.0,
        "GW230529": 0.0
      }
    },
    "gaussian": {
      "radio": {
        "GW170817": 0.0,
        "GW190425": 55.31128090353192,
        "GW230529": 44.94546416021687
      },
      "radio_chiEFT": {
        "GW170817": 0.0,
        "GW190425": 53.70074989139202,
        "GW230529": 44.95732722072326
      },
      "radio_NICER": {
        "GW170817": 0.0,
        "GW190425": 54.679613312350256,
        "GW230529": 45.14319194103116
      },
      "radio_GW170817": {
        "GW190425": 55.05205018427902
      },
      "radio_chiEFT_NICER": {
        "GW170817": 0.0,
        "GW190425": 0.0,
        "GW230529": 0.0
      }
    },
    "double_gaussian": {
      "radio": {
        "GW170817": 0.0,
        "GW190425": 53.22611492178968,
        "GW230529": 44.9168093138889
      },
      "radio_chiEFT": {
        "GW170817": 0.0,
        "GW190425": 52.65647574039179,
        "GW230529": 45.20117336501551
      },
      "radio_NICER": {
        "GW170817": 0.0,
        "GW190425": 53.52924276015907,
        "GW230529": 45.26377638038274
      },
      "radio_GW170817": {
        "GW190425": 52.84690856667461
      },
      "radio_chiEFT_NICER": {
        "GW170817": 0.0,
        "GW190425": 0.0,
        "GW230529": 0.0
      }
    },
    "GW170817": {
      "radio": {
        "GW170817": 0.0
      },
      "radio_chiEFT": {
        "GW170817": 0.0
      },
      "radio_NICER": {
        "GW170817": 0.0
      },
      "radio_GW170817": {},
      "radio_chiEFT_NICER": {
        "GW170817": 0.0
      }
    },
    "GW190425": {
      "radio": {
        "GW190425": 0.0
      },
      "radio_chiEFT": {
        "GW190425": 0.0
      },
      "radio_NICER": {
        "GW190425": 0.0
      },
      "radio_GW170817": {
        "GW190425": 0.0
      },
      "radio_chiEFT_NICER": {
        "GW190425": 0.0
      }
    },
    "GW230529": {
      "radio": {
        "GW230529": 0.0
      },
      "radio_chiEFT": {
        "GW230529": 0.0
      },
      "radio_NICER": {
        "GW230529": 0.0
      },
      "radio_GW170817": {},
      "radio_chiEFT_NICER": {
        "GW230529": 0.0
      }
    }
  }
}